mean_bill_length,mean_bill_depth
43.9927927927928,17.164864864864864
